"case","school","grade","female","ageyr","mo","agemo","t01_visperc","t02_cubes","t03_frmbord","t04_lozenges","t05_geninfo","t06_paracomp","t07_sentcomp","t08_wordclas","t09_wordmean","t10_addition","t11_code","t12_countdot","t13_sccaps","t14_wordrecg","t15_numbrecg","t16_figrrecg","t17_objnumb","t18_numbfig","t19_figword","t20_deduction","t21_numbpuzz","t22_probreas","t23_series","t24_woody","t25_frmbord2","t26_flags"
1,"Pasteur",7,1,13,1,157,2.8571,7.75,4.8,0.375,3.6364,2.3333,5.75,4.4,1.2857,3.3913,5.2857,5.75,6.3611,5.4545,3.2857,5.7143,1.5,2.25,4,0.1667,3.5,3.7778,0.5556,6,NA,NA
2,"Pasteur",7,2,13,7,163,4.5714,5.25,4.8,2.125,3.0909,1.6667,3,4.4,1.2857,3.7826,6,6.25,7.9167,6.7273,3.1429,6.2857,3,3,2.5,-0.1667,3.25,2.3333,0.1111,3,NA,NA
3,"Pasteur",7,2,13,1,157,3.8571,5.25,4.8,1.875,1.8182,1,1.75,2.4,0.4286,3.2609,3.5,3.9,4.4167,5.4545,3.1429,5.5714,0.25,1.25,1.5,-0.1667,2.25,2,0.7778,5,NA,NA
4,"Pasteur",7,1,13,2,158,4.5714,7.75,6.4,3,3.8182,2.6667,4.5,4.2,2.4286,3,4.6429,5.3,4.8611,6.4545,2.4286,5,1.25,0.75,2.5,-0.1111,2.5,2.4444,0.6667,4.75,NA,NA
5,"Pasteur",7,2,12,2,146,4.1429,4.75,4.8,0.875,3.3636,2.6667,4,5,2.5714,3.6957,4.5,6.3,5.9167,7,5.1429,6.8571,3.75,3.5,3.5,1.6111,3.75,2.1111,0.4444,5,NA,NA
6,"Pasteur",7,2,14,1,169,4.5714,5,4.4,2.25,2.8182,1,3,5,0.8571,4.3478,6.5714,6.65,7.5,4.9091,3,6.8571,1.5,1.5,3.5,0.5,0.5,1.7778,1.1111,5.5,NA,NA
7,"Pasteur",7,1,12,1,145,2.4286,6,4.8,1,3.6364,3.3333,6,6.4,2.8571,4.6957,4.6429,6.2,4.8611,1,1.1429,3.1429,1,0.75,1.25,1,2.5,2.1111,0.3333,3.75,NA,NA
8,"Pasteur",7,2,12,2,146,4.8571,6.25,5.2,1.875,2.6364,3.6667,4.25,5,1.2857,3.3913,5.7143,5.15,3.6667,6.7273,4.5714,7.1429,2.75,3.25,2.25,0.8333,2.25,2.4444,2,6,NA,NA
9,"Pasteur",7,2,13,0,156,3.8571,5.75,4.4,1.5,2.6364,2.6667,5.75,3.8,2.7143,4.5217,3.7143,4.65,7.3611,6.7273,4,7,4.5,1.5,2.75,0.6667,3.75,2,1.8889,4.5,NA,NA
11,"Pasteur",7,2,12,5,149,3,5.25,4,0.75,3,2.6667,5,5,2.5714,4.1304,5.2857,4.55,4.3611,5.9091,4.1429,6.2857,1.25,2,2.75,1.8333,2,2.7778,0.8889,4,NA,NA
12,"Pasteur",7,1,12,2,146,3.1429,5.75,5.2,2,3.4545,2,3.5,4.4,1.5714,3.7391,4.2857,5.7,4.3056,5.7273,3.2857,7.2857,2.25,2.25,3.25,0.5556,2.25,2.1111,0.5556,6,NA,NA
13,"Pasteur",7,1,12,11,155,5,6,6,2.875,3,2.6667,4.5,5.4,2.7143,3.6957,5.0714,5.15,4.1389,5.1818,5.7143,7.4286,1.5,3,3,2.6667,4.5,3.5556,1,6.25,NA,NA
14,"Pasteur",7,2,12,7,151,4.8571,4.5,6,4.125,3,2.6667,4,6.2,2.2857,5.8696,4.8571,5.2,5.8611,5.0909,4.1429,6.7143,2,3,4.5,1.1667,3.25,2.4444,2.3333,6.75,NA,NA
15,"Pasteur",7,2,12,8,152,5.1429,5.5,6.4,1.75,2.9091,4.6667,4,5,1.5714,5.1304,4.8571,4.7,4.4444,6.9091,3.2857,6.5714,1.75,1.5,2.5,0.5,3,2.1111,0.4444,5.75,NA,NA
16,"Pasteur",7,1,12,6,150,5,5.75,5.2,3.625,4.9091,5,5.5,5.4,3,4,4.5714,4.35,5.8611,5.2727,3,6.5714,1.25,1,2,2,3.75,3.7778,3.8889,8,NA,NA
17,"Pasteur",7,2,12,1,145,4,4.75,5.2,2.375,2.4545,2.6667,4.25,3.6,0.7143,4.087,4.2143,3.8,5.1389,6.4545,2.2857,6.1429,0.75,2.5,0.75,1.1667,3.5,2.3333,1.7778,6.25,NA,NA
18,"Pasteur",7,2,14,11,179,3.7143,4.75,7.2,1.5,3.1818,2,4,4.8,1.2857,3.6957,4.1429,6.65,5.25,4.9091,3,6.2857,3.25,3,1.75,0.2778,1.25,1.7778,0.8889,4.5,NA,NA
19,"Pasteur",7,1,13,5,161,4.2857,6.75,6.8,2.25,2.2727,2,2.5,3.4,1.7143,4,4.3571,5.25,5.4444,3.5455,3.5714,6,0.75,0.5,3,1.3889,3.75,1.6667,1.6667,4.75,NA,NA
20,"Pasteur",7,2,12,8,152,4.8571,5.25,5.6,4,5.6364,4.3333,5.25,6.8,3.7143,3.913,6.7143,4.85,5.75,5.5455,1.5714,7.2857,0.75,0.5,3.5,2.6667,5.75,5.2222,4,6.75,NA,NA
21,"Pasteur",7,2,12,3,147,5.4286,8.75,5.2,3,3.7273,3.6667,3.75,4.8,2.5714,3.4783,4.4286,5.35,4.9167,6.9091,5.1429,7,1.25,2.5,3.25,1,4,4.2222,2.8889,5.5,NA,NA
22,"Pasteur",7,1,14,10,178,5,8,6.8,2,2,1.6667,2.5,4,0.5714,2.6087,3.1429,4.6,5.3889,5.3636,4.7143,5.7143,2,1.75,2.5,3,3.75,2.1111,2.5556,4.75,NA,NA
23,"Pasteur",7,1,12,9,153,5.7143,8.5,6.4,4.125,2.1818,2,3.25,3.6,2.1429,4.4783,5.2143,5.45,7,5.3636,4.4286,7,2.25,2.5,3.75,4.8333,4.75,3,3.2222,7,NA,NA
24,"Pasteur",7,1,12,11,155,4.2857,6.25,6.4,1.875,3.3636,3.3333,5.75,5,3.1429,3.4783,4.4286,4.6,5,5.0909,2.8571,6.4286,2,1,3.75,1.5,3.25,2.3333,0.8889,4.75,NA,NA
25,"Pasteur",7,2,12,8,152,3.2857,5.5,6,1.625,3.1818,2.6667,3,4.4,1,5.8261,4.5714,5.3,6.7778,5.7273,4.7143,6.1429,1.5,2.25,2.5,0,3.5,2.2222,0.5556,5.75,NA,NA
26,"Pasteur",7,1,12,3,147,4.8571,5.5,4.8,1.25,4.0909,2.3333,3.75,5.4,1.2857,4.6957,4.2857,4.6,4.1389,4,4.1429,7.1429,2.25,1.25,1.75,1.6667,3.25,2.4444,1.3333,5,NA,NA
27,"Pasteur",7,1,12,7,151,4.5714,4,6.4,3.375,4.1818,1.6667,3.5,5.2,1.4286,5.7391,4.7857,6.25,4.3333,5.9091,5.7143,7.7143,1.5,3,3.75,3.5556,4.25,2.6667,2.3333,7.25,NA,NA
28,"Pasteur",7,1,12,8,152,4.7143,5.25,6.4,4.5,1.6364,2.6667,2.25,4,0.7143,4.1304,4.7857,5.1,4.5278,7.2727,4.8571,7.1429,3,2.5,5,2.6667,3.5,2.6667,2.6667,6.75,NA,NA
29,"Pasteur",7,2,13,2,158,5.1429,5,7.2,2.125,2.4545,1.6667,3,4.4,1.1429,2.8261,4,5.55,4.4167,5.6364,4.8571,6,1.75,3,4.75,1.1667,3.5,1.8889,1.3333,4,NA,NA
30,"Pasteur",7,2,12,5,149,4,6,5.6,4.25,2.8182,2,3,4.2,2,5.1304,6.4286,5.85,8.6111,7.8182,4.4286,6.4286,2.5,3,3.5,0.5556,3.25,2.2222,2,6.75,NA,NA
31,"Pasteur",7,2,12,2,146,4.2857,4.5,5.2,0.75,2.7273,2.6667,3.25,3.6,1.8571,4.6522,4.6429,4.85,5.4444,7.4545,2.8571,7.5714,1.75,1,1.25,-0.1667,2.75,2.2222,1.4444,5,NA,NA
33,"Pasteur",7,2,12,7,151,3,5.75,5.6,1.375,2.6364,2,3.5,4.6,1.8571,4.8261,4.2857,6.95,5.9722,4.8182,3.5714,6.4286,1.25,1.5,1.5,1.1111,4,1.5556,1.3333,6.25,NA,NA
34,"Pasteur",7,1,16,0,192,2.5714,6,6.8,0.25,2.6364,1.6667,3,3.6,1,2.0435,2.2143,3.65,3.3611,4.4545,3,5.1429,0.75,0.75,1,0.0556,0.25,2,1,4.25,NA,NA
35,"Pasteur",7,2,12,2,146,4.2857,5.25,4.8,1.75,4.7273,2.6667,5.25,6.4,2,2.6957,4.5714,4.3,4.8056,5.7273,4.5714,6.4286,0.25,0.5,1.5,1.3889,2.5,2.4444,2.1111,5.75,NA,NA
36,"Pasteur",7,2,12,3,147,3.5714,6,4.8,2.375,4,3.3333,4.25,5,1.8571,5.3913,6.1429,4.35,5.6389,6.5455,4.1429,5.7143,3.5,2.5,3.5,0.6111,3.75,3,2.2222,5.5,NA,NA
38,"Pasteur",7,2,13,3,159,2.8571,3.75,5.2,1.5,2.7273,1.3333,3,3.2,0.8571,2.7826,4.5714,5.2,4.8333,6.4545,3.8571,4.4286,1.75,1.75,2,0.3889,2,0.7778,0.3333,3.25,NA,NA
39,"Pasteur",7,1,13,10,166,4.1429,5.25,5.6,0.5,2.9091,1.6667,4.75,4.6,1.4286,3.1304,3,3.75,4.9167,6,3.4286,4.4286,0.75,1,2.75,1.5,4.25,2.3333,1,4.5,NA,NA
40,"Pasteur",7,1,12,9,153,4.7143,7,6,3.5,3.0909,2.6667,4,5,2,3.8261,4.6429,4,5.3056,5.7273,2.1429,4.7143,3,1.5,4.25,0.6111,4,4.3333,3,5.5,NA,NA
41,"Pasteur",7,2,12,8,152,3.2857,4.5,4.8,2.25,3.1818,3,3,4.8,1.7143,4.087,3.5714,3.5,5.0833,4,4.7143,4.4286,0.75,4.5,2,1.3333,3,1.8889,1.5556,5.5,NA,NA
42,"Pasteur",7,2,12,6,150,5.4286,4,3.6,3.875,4.2727,4,5.25,6.2,3.2857,5.5217,5.9286,5.45,5.1111,5.7273,4.7143,7,3.5,3.5,2.25,0.5,4.5,2.2222,2.6667,6,NA,NA
43,"Pasteur",7,1,12,5,149,5,7.75,7.6,2.5,5.2727,3,5.25,5.6,3.1429,3.2174,4.9286,4.5,4.8889,5.6364,2.2857,7,0.75,1.5,3.5,0.5,2.75,4.5556,3.1111,4.75,NA,NA
44,"Pasteur",7,2,12,1,145,3.2857,5.75,5.6,1.625,2.9091,2.6667,4.25,6,2.1429,4.913,5.4286,5.1,4.6389,6.3636,6.1429,8,2.75,5,3.75,1.3333,3.25,2.4444,3,6.25,NA,NA
45,"Pasteur",7,2,13,6,162,2.7143,5,4,1.25,3.5455,1.6667,4.25,3.8,1.5714,2.8261,4,5.3,4.7778,4.0909,2,5.8571,1.5,1.25,3.5,1.3333,2.5,2,1,4.5,NA,NA
46,"Pasteur",7,2,13,8,164,1.5714,5.25,3.6,1,2.5455,1.6667,3.75,4.4,0.5714,3.9565,3.8571,4.75,2.7778,4.9091,2.7143,0.2857,1,0.5,4,1.0556,2,2.7778,0.1111,3.75,NA,NA
47,"Pasteur",7,1,14,8,176,3.5714,5.25,5.6,1.875,2.4545,2,3,4.4,1.4286,3.9565,2.7143,5.6,6.6667,6.1818,5.2857,6.7143,1.5,1.75,2.5,1.5,3.25,2.2222,3,4.75,NA,NA
48,"Pasteur",7,1,14,2,170,5.4286,5.5,5.2,2.75,4.9091,4.6667,5.5,6.8,2,5.3913,6.7143,5,6.8611,7.0909,5,7.5714,3.25,3.75,4.75,2.3333,1.5,3,2.1111,6.25,NA,NA
49,"Pasteur",7,1,13,7,163,5.1429,5.5,5.6,4.5,2.4545,3,4.25,4.6,1.2857,4.8261,5.4286,5,5,6.3636,5.2857,6.2857,1.75,1.5,1,1.1667,1.5,2.7778,2.5556,4.5,NA,NA
50,"Pasteur",7,1,13,5,161,6.1429,8.5,7.2,4,1.4545,0.6667,1,2.6,1,3.3478,4.5714,6.35,6.2778,4.0909,4,7.5714,1,1,3.25,4.5,3.75,4.3333,3.6667,6,NA,NA
51,"Pasteur",7,2,13,6,162,2.7143,4.75,3.6,1.375,2.7273,2.6667,3.25,4.6,1.2857,6.1304,3.4286,8,5.4444,7.3636,4.2857,5.7143,2,1.75,2,0.5,3,2,0.5556,6.25,NA,NA
52,"Pasteur",7,1,12,11,155,3.7143,5.5,4.4,2.75,3.1818,2,2.25,3.6,1,5.6522,3.9286,5.9,6.0556,6.1818,4.7143,5.1429,1.75,3.25,2.75,0.6667,4.75,2,1.4444,5.25,NA,NA
54,"Pasteur",7,2,13,2,158,3.8571,6.25,6.8,1.125,3.6364,3.6667,5.5,6.2,2.1429,2.5652,4.7143,4.8,5.5278,6.7273,0.7143,6.5714,0.5,3.75,3.5,-0.3333,2.25,3.2222,2,4.25,NA,NA
55,"Pasteur",7,1,13,7,163,4.7143,5.75,7.6,3.75,1.4545,1.6667,2.25,4,0.1429,2.3478,3.7857,5.05,5.5,5.4545,4.4286,5.5714,1.75,1.25,2.25,1.5556,3.25,1.4444,2.1111,5.75,NA,NA
56,"Pasteur",7,1,12,4,148,6,6,6.4,2.125,4.2727,2.3333,4.5,6.2,1.4286,3.6522,4.9286,5.15,4.7778,5.5455,5.1429,7.8571,1.25,3,3.25,1,4,2,2.2222,3.75,NA,NA
57,"Pasteur",7,1,15,7,187,3.2857,7.5,5.2,3.25,0.7273,0.6667,1.5,3,0.1429,3.2609,3.5714,4.2,5.3889,5.5455,3.1429,7.1429,0,0.75,2.25,1.5,3.5,2.1111,1.4444,5.5,NA,NA
58,"Pasteur",7,1,13,4,160,4.4286,4.75,6.4,1.75,4.3636,3.3333,3.5,3,2.1429,3.4783,3,5.1,4.1944,5,4.5714,6.5714,3.75,1.75,1.75,0.6111,2.75,2.7778,2.5556,5.75,NA,NA
60,"Pasteur",7,1,12,8,152,4.2857,6,5.2,4.125,4.1818,2,4.5,6.4,2.1429,4.1739,5.4286,4.8,4.4167,4.7273,3.5714,7.8571,4.25,2.75,4.5,2.1667,4.5,2.3333,2.5556,5.5,NA,NA
62,"Pasteur",7,1,14,4,172,4.8571,5.25,4.4,2.125,2.5455,2.6667,4.5,4.2,1.4286,4.0435,3.8571,5.7,5.5556,5.7273,5,3.5714,0.75,4.25,3.25,0.3333,1,4,2.1111,6.25,NA,NA
63,"Pasteur",7,1,16,2,194,3.4286,4.75,5.2,3.25,2.2727,1.6667,3,3.8,1.7143,4.1739,5.0714,5.25,5.6389,6.2727,6,6.8571,1.25,3,4,0.2778,3.25,1.5556,0.3333,6,NA,NA
64,"Pasteur",7,1,13,3,159,5,5.25,6,3.875,4.6364,2.6667,5.5,4.6,2.4286,3.4348,4.7143,5.8,4.75,7.0909,5.7143,7.1429,1,2.5,4,3.3333,3.75,1.1111,2.5556,5.25,NA,NA
65,"Pasteur",7,2,14,0,168,3.2857,6.5,3.2,2,2.4545,1,2.5,3.4,1.2857,3.3913,5.2857,4.55,4.8333,5,2.5714,5.5714,2.5,2.75,3.25,-0.1667,3.25,1.8889,0.7778,6.5,NA,NA
66,"Pasteur",7,1,15,3,183,3.5714,5.75,5.6,1.75,3.7273,1.3333,3,3.6,1,3.5217,3.8571,6.15,3.9444,4.4545,3,5.5714,0.75,0,2.25,0,2.5,1.4444,0.2222,3.75,NA,NA
67,"Pasteur",7,2,12,5,149,4.5714,5.75,4.8,3.375,3.3636,4,5.5,5.4,2.5714,5.2609,5.7143,6.2,6.1389,6.9091,4.2857,7.8571,2.25,1.5,4,2.5556,4.75,3.8889,3.4444,6,NA,NA
68,"Pasteur",7,2,12,9,153,3.4286,6,4.8,3.625,4,2.6667,5,5.6,2.1429,4.913,4.2857,5.35,4.7778,6.3636,4,7.7143,2.5,3,2.5,2,5.75,3.5556,1.8889,6.25,NA,NA
69,"Pasteur",7,2,12,10,154,4.5714,6.75,6.4,1.375,1.4545,1.6667,2.5,4.2,0.7143,2.6522,3.9286,3.85,5.3333,6.2727,3.7143,5.4286,3,2,3.5,0.6667,2.75,2.7778,2.1111,5.75,NA,NA
70,"Pasteur",7,2,13,11,167,4.5714,5,6,1.25,4.2727,3.3333,4.5,5.6,2.4286,5.5217,4.5714,5.45,5.8333,6.0909,5.1429,7,2.25,2.5,3.75,2.5,4,3.7778,2.5556,7,NA,NA
71,"Pasteur",7,2,13,1,157,3.1429,5.75,4.4,3.625,3,2.6667,5,4.4,1.4286,3.3043,7.3571,4.5,5.0278,5.4545,5,7.2857,2.25,2.5,1.75,1.1667,3.25,3,0.6667,3.75,NA,NA
72,"Pasteur",7,2,12,11,155,5.5714,6,5.2,2.5,4.9091,3.6667,4.5,6,3,5.6957,6.3571,5.4,6.3056,6.0909,5.7143,7.1429,3,1.25,1,0.1667,5.25,3.2222,3,7.5,NA,NA
73,"Pasteur",7,1,14,11,179,3.4286,9.25,6.4,4,3.8182,3,3.75,5.4,1,3.6087,5.1429,5.75,6.1944,6.8182,4.5714,7.7143,2.75,2.5,3.5,2.5,2.25,2.8889,2.1111,5,NA,NA
74,"Pasteur",7,2,13,0,156,4,5.75,6,3.625,2.1818,2.6667,2.75,5,1.8571,3.8696,3.9286,6.1,4.25,6,2.8571,6.1429,3.75,4,2,-0.0556,2.25,2.3333,1.3333,6.5,NA,NA
75,"Pasteur",7,2,13,9,165,2.4286,5,4.8,0.875,3.5455,3,2.5,4.8,1.5714,6.8261,4.6429,5.7,3.9167,7.2727,5.4286,7.2857,3.5,3.25,3.75,0.6667,3.25,2.1111,1.2222,6.25,NA,NA
76,"Pasteur",7,1,12,8,152,4,5,6.4,0.75,5,4.3333,4,4.6,2.7143,4.7391,5.5714,5.95,5.4167,5.9091,5.2857,6.7143,2.5,3.25,2.75,1.1667,3.25,2.1111,0.6667,4.75,NA,NA
77,"Pasteur",7,2,14,2,170,0.5714,4.5,4.4,0.75,2,2,3,3.2,1,3.6087,4.8571,5.5,4.6111,6.0909,3,6,1.75,0.75,3.5,-0.1667,3.25,2.7778,0.6667,5.5,NA,NA
78,"Pasteur",7,1,13,3,159,3.7143,9.25,5.6,3.375,2,1.3333,2.25,5.2,1.1429,3.7391,3.6429,5.75,5.1667,5.7273,5.8571,7.5714,1.75,3.25,2.5,2,4.25,3.3333,1.5556,5.25,NA,NA
79,"Pasteur",7,1,13,1,157,4.2857,4.5,5.6,2.625,4,1.6667,2.75,4.8,1.5714,5.2609,5,7.35,5.9722,5.4545,3.1429,6.7143,2.5,1.25,3.25,1.6667,3,1.6667,1.2222,6.25,NA,NA
80,"Pasteur",7,1,13,7,163,4.2857,6,3.6,3.25,4.6364,3.3333,5.75,6.2,2.7143,3.4783,5.5714,4.6,4.2778,6.9091,5.1429,7.7143,4.25,3,4.25,1.7222,2.5,4.1111,3.1111,4,NA,NA
81,"Pasteur",7,2,12,9,153,3.5714,5.25,3.6,2.125,1.8182,3,3.25,4.8,0.7143,3.4783,5.0714,5.7,4.5833,6.9091,4.8571,7.4286,2.75,1,3.25,0.5,4,2.4444,3.3333,6.25,NA,NA
82,"Pasteur",7,2,13,9,165,3.2857,5.25,4.8,2.375,2.0909,1.6667,2.25,4.2,1,3.1304,6.1429,5.75,4.6667,2.3636,3.5714,6.4286,1.25,2.75,4.5,0.5,3.75,1.8889,1.6667,5.5,NA,NA
83,"Pasteur",7,1,12,6,150,4.8571,7,7.6,2.125,5.0909,4,4.75,5.2,2.2857,5.6522,5.4286,5.7,6.4722,4.2727,3,6.2857,0.5,1.75,1.5,-0.3333,4.5,3.1111,2.3333,6,NA,NA
85,"Pasteur",7,1,16,7,199,1.4286,5.75,5.2,1.375,2.2727,0,1.5,2.4,1.1429,5.6957,4.0714,4,5.6389,4.4545,4.2857,6.7143,2,2,1.75,0.3333,3,2.6667,1.3333,4.75,NA,NA
86,"Pasteur",8,2,14,7,175,5.4286,5.5,7.2,4.125,2.3636,4,3.25,4.4,1.8571,5.5652,5.6429,7.35,5.75,6.8182,5.8571,8,4.75,2.5,3.25,2.3333,5.25,4.1111,2.5556,7.5,NA,NA
87,"Pasteur",8,1,14,1,169,3.4286,5.25,5.2,2.5,2,1,1.5,2.2,1.8571,4.6957,4.4286,5.15,5.3333,7.0909,4.8571,7.2857,1.5,3.75,4,0.3333,3,2.1111,1.1111,7.75,NA,NA
88,"Pasteur",8,1,14,11,179,3.8571,6,4,1.75,2.6364,1.6667,2,4,1.5714,5.8696,5.6429,6.45,6.0278,6.6364,4.4286,7.1429,6,3.25,4.75,0.5556,3.75,2.2222,1.5556,5.25,NA,NA
89,"Pasteur",8,1,13,7,163,4,8,6.4,4.25,4.0909,3,4.75,5.6,2.4286,5.1304,3.7143,5.75,5.3056,6.8182,4.1429,7.5714,2.5,3.25,5,0.8333,4.5,3,3.4444,6.25,NA,NA
90,"Pasteur",8,1,14,5,173,4.1429,8.25,2.4,2.25,1.6364,0.3333,2.25,3.6,0.5714,5.3478,4.7143,5.2,5.7778,6.2727,4.5714,6,2.25,2,4,1.3333,3.25,1.8889,1.8889,5,NA,NA
91,"Pasteur",8,2,13,2,158,4.1429,6.5,8,1.75,2,2.3333,3.5,5.2,0.7143,5.7826,5.7143,5.75,4.9722,7,3.7143,6.7143,1.75,2,1.75,0.5556,4,2.8889,2.5556,5.5,NA,NA
93,"Pasteur",8,2,14,7,175,2.5714,5.25,4.8,0.625,3.0909,1,1.5,4.2,1,4.9565,3.8571,4.85,4.5833,4.6364,2.5714,5,5.5,3,1.5,0.3889,1,1.2222,0.6667,4,NA,NA
94,"Pasteur",8,2,12,11,155,5.4286,6.25,4,2.5,4.4545,3.3333,5.75,7.2,3.7143,4.6087,6.5,6.85,5.4722,7.0909,4.7143,8,3.25,2.75,4.75,1.5,4,4.7778,3.5556,7.5,NA,NA
95,"Pasteur",8,2,13,8,164,4.7143,7,4.8,2.875,2.0909,2.6667,4,4.6,0.8571,4.087,5.3571,5.4,5.9722,6.6364,5,7.2857,2.75,4.25,3,1.1667,4.25,3.6667,3.2222,6.5,NA,NA
96,"Pasteur",8,2,13,3,159,4.5714,6,7.6,2.75,4.0909,4,5,6,2.1429,5.5217,5.7857,4.55,5.1389,6.1818,4.4286,4.7143,3.75,1.5,3,0.2778,4.25,2.7778,2.5556,6.5,NA,NA
97,"Pasteur",8,2,13,11,167,2.8571,7.25,5.6,3.25,0.8182,1.3333,1.25,4.4,0.5714,3.5652,4.6429,5.55,4.8889,7.3636,4.7143,7,4.25,2,3.75,0.6667,4,2.4444,1.4444,3.5,NA,NA
98,"Pasteur",8,2,13,10,166,4.7143,5,5.2,2.25,3.5455,3.6667,4.5,4.4,1.7143,4.1739,5.3571,5.95,6.6667,5.0909,3.8571,6.7143,3.5,1,3.25,2.5,4,2.3333,2.6667,5.75,NA,NA
99,"Pasteur",8,1,13,10,166,3.4286,6.5,6.4,2.625,2.1818,2.6667,2.75,2,1.8571,6.6522,4.7857,7.5,5.4444,6.3636,4.5714,6,4,0,3.75,1.5,4.25,2.5556,3.5556,7.25,NA,NA
100,"Pasteur",8,2,14,0,168,3.2857,6.25,5.6,3.375,1.7273,2,3.75,4.8,0.4286,5.3913,5.7857,7.8,6.1111,5.1818,4.1429,7.4286,2.25,2.5,3.5,1.0556,3.25,2.8889,2,4.5,NA,NA
101,"Pasteur",8,1,15,4,184,4.4286,4.75,6,2.125,3.2727,1,2,2.8,1.5714,3.5652,4.4286,6.4,5.7222,5.2727,2.1429,5.7143,1,2.25,4.75,1.5556,3,2.2222,2.2222,5,NA,NA
102,"Pasteur",8,1,13,8,164,3.7143,3.5,6,0.875,2.1818,2.6667,3.25,4.4,1.1429,3.6087,2.5,4.8,3.9444,6.8182,4.4286,6.8571,2,3,4.25,1.0556,2.25,1.8889,2.5556,6,NA,NA
103,"Pasteur",8,1,14,10,178,3.5714,5.5,3.2,0.875,4.5455,4.6667,4.75,5.4,2.1429,4.1304,3.4286,5.35,3.7778,6.7273,4.4286,6.1429,2.75,2,2,1.6667,3.25,0.8889,2.2222,6.25,NA,NA
104,"Pasteur",8,1,13,8,164,4.2857,5.75,4,4.25,3.0909,4,4.25,5,2.4286,3.5652,4.3571,3.6,5.4444,7.5455,4.2857,8.2857,3.25,4,4.75,3.1111,3.75,3.3333,0.7778,5.25,NA,NA
105,"Pasteur",8,1,13,4,160,3.7143,4.75,6,0.5,4.3636,3.3333,5.75,3.8,2.8571,5.5217,5.5,5.85,4.2222,5.5455,2.4286,5.8571,1.25,3.25,2,0.3333,2.5,3.6667,1.8889,5,NA,NA
106,"Pasteur",8,2,13,2,158,6.4286,7.5,4.8,2.125,4.3636,5.3333,6.75,5.6,2.7143,5.1304,6.4286,5.55,7.2222,5.8182,3,6.8571,4.25,2.25,3.75,2.1667,4,4.5556,3.3333,7,NA,NA
108,"Pasteur",8,2,13,11,167,4.2857,3.75,5.6,1.375,2.3636,1.6667,2.75,4.2,1.4286,5.5652,4.3571,6.1,4.6111,4.1818,1.5714,3.2857,2.5,2.5,3.25,0.9444,2.25,1.5556,1,4.75,NA,NA
109,"Pasteur",8,1,13,4,160,4.7143,6.25,4.8,2.75,5.2727,3.6667,4.5,5.4,3.2857,4.913,4.8571,5.15,5.75,4.4545,3.8571,5.5714,1,3.5,2.5,0.6667,3.25,2.6667,3.1111,5,NA,NA
110,"Pasteur",8,1,15,3,183,5.2857,3.75,6,4.375,2.6364,2.6667,3.25,4.8,1,4.2609,4.5,5.3,6.25,5.7273,3.7143,6.8571,3.25,2.25,4,0,3,3.7778,2.3333,5.75,NA,NA
111,"Pasteur",8,2,13,10,166,5.5714,6.5,4.8,1.875,2.7273,3.6667,3.75,5.2,1.7143,4.5217,5.4286,4.4,6.5833,6.8182,5,8.5714,2,2.75,5,1.5556,4.25,2.8889,1.6667,6.25,NA,NA
112,"Pasteur",8,1,13,3,159,3.7143,7.75,6.8,1.875,4.3636,4.3333,4.5,5.6,1.8571,5.8696,5.1429,6.25,4.1111,4.7273,2.5714,7,2.75,1,3.25,2,4.75,3.7778,2.4444,5.75,NA,NA
113,"Pasteur",8,1,13,4,160,4,5.25,4.4,1.625,4.7273,3.3333,4.5,5.2,2.8571,3.8261,3.7857,4.85,4.8333,4.7273,4.4286,6.4286,1.25,0.75,4,1,3.75,2.6667,1.8889,3.75,NA,NA
114,"Pasteur",8,1,15,3,183,5.8571,9,10,4.375,5.0909,2.6667,5.75,5.2,5,3,4.4286,6.2,6.0278,6.1818,5.1429,7.8571,2,2.25,3.5,2.0556,4.75,3.4444,2.4444,5,NA,NA
115,"Pasteur",8,2,12,10,154,3.8571,6.5,6.8,3.125,4.0909,2.6667,5.5,4.6,2.1429,6.3478,7,6.5,6.1667,7.1818,4.2857,7.5714,2.5,2,4.75,2.1667,4.5,3.1111,2.5556,7,NA,NA
116,"Pasteur",8,2,13,5,161,5.8571,6.5,5.6,0.75,4.4545,5.3333,5.75,6.2,3.1429,7.4348,6.2857,5.7,5.1944,5.6364,4.1429,7.5714,1.25,4,2.25,1.6111,4.25,3.3333,2.8889,6.5,NA,NA
117,"Pasteur",8,2,13,10,166,4.7143,6.75,5.6,3.75,2.9091,2.6667,2.75,4,2,4.1739,7,6.8,7,5.5455,5.4286,8.2857,2.5,3,3.75,1.8889,2.5,1.5556,1.6667,5,NA,NA
118,"Pasteur",8,2,14,5,173,5.4286,5.5,5.6,1.625,5,5.6667,5.5,5.2,4,5.6957,5.7143,6.4,7.5278,6.1818,2.8571,8.1429,2.75,1.25,3.75,0.3333,4.5,3.7778,3.3333,7.5,NA,NA
119,"Pasteur",8,2,13,3,159,3.5714,4.25,6.8,2.25,2.7273,3.3333,3.5,3.6,1.4286,4.4783,4.6429,4.15,3.3611,7.4545,4.5714,7.5714,2.5,2,4.25,1.3333,5.75,4.2222,2.2222,6.25,NA,NA
120,"Pasteur",8,1,13,4,160,4.8571,9.25,5.2,4.375,3.4545,3.6667,4.75,6.2,3,3.2609,3.1429,3.9,4.8611,6.8182,5,7.8571,2.5,3,2.5,1.5,3.25,2.6667,2.4444,5,NA,NA
121,"Pasteur",8,2,13,1,157,5.4286,5.25,5.2,2.625,3.5455,4.3333,4.25,4.8,1.5714,2.8696,4.6429,6,5.4444,6.0909,4.7143,7,3,4.75,5,1.3333,1.75,4.7778,2.4444,4.75,NA,NA
122,"Pasteur",8,1,13,4,160,5.2857,6.25,6,4.25,3.6364,5,3.5,5.4,1.8571,4.5652,5.2857,5.35,5.4444,5.1818,3.5714,6.1429,0,3.5,5,3.8333,4.5,3.3333,3.7778,6.25,NA,NA
123,"Pasteur",8,2,14,0,168,4.4286,6.5,7.2,1.75,4.3636,4,5.25,6.2,1.8571,4.6957,5.2857,4.3,6,5.2727,5,6.1429,4,1.5,2.5,2.5556,4,2,1.7778,6.75,NA,NA
124,"Pasteur",8,1,14,5,173,3.5714,7.5,6,3.875,1.8182,1,2,4.4,0.8571,3.5652,4.7143,3.95,6.3333,6.1818,4,7.8571,3,2.5,4,2.7778,3.25,1.8889,2.1111,4.75,NA,NA
125,"Pasteur",8,2,13,1,157,3.5714,5.75,4.8,1,4.0909,3.6667,4.75,5.8,1.8571,4.8261,4.7143,5.85,5.4167,5.6364,3.8571,5.7143,1.5,1.5,3,1.3889,3.75,2.5556,2.3333,6,NA,NA
126,"Pasteur",8,1,16,0,192,4.4286,5.75,6,2.5,3.3636,2.6667,4.75,5.4,2.7143,5.3043,4.5714,6.85,5,6.3636,2.7143,5.7143,2.75,3.75,4.25,3,3.75,2.3333,1.1111,4.75,NA,NA
127,"Pasteur",8,1,13,10,166,3.7143,5.25,7.2,4,3.1818,3,2.75,3.4,1,5.5652,4.5714,6.6,6.4444,3.1818,1.8571,8,2.25,1.75,3.5,0.1111,4.5,2.4444,2.6667,7,NA,NA
129,"Pasteur",8,1,13,4,160,3,7.25,6,3.375,4.0909,2.3333,2.25,5.8,1.1429,3.6957,4.0714,5.2,5.1667,6.3636,5,7.4286,1.25,2.5,3.25,1,2.75,1.8889,1.7778,5.75,NA,NA
130,"Pasteur",8,1,16,5,197,4,4.75,5.2,1.625,2.5455,2.6667,3.25,3.8,2,4.087,4.2143,5.55,5.4444,4.6364,3.2857,4.7143,0.75,5,4,1.1667,3.5,2.3333,0.5556,5.5,NA,NA
131,"Pasteur",8,2,14,4,172,4.1429,6,5.2,1.5,3.2727,2.6667,4.25,5.6,1.2857,5.8261,7.3571,6.4,6.8611,5.8182,4.4286,6.4286,5,2.5,3.75,1.8333,5.5,2.8889,2.5556,6,NA,NA
132,"Pasteur",8,1,15,1,181,4.2857,5.5,6.8,2.375,4.0909,3.3333,3,4.8,2,4.6087,4.1429,6.4,3.3056,4.3636,3.4286,5,0.5,2.5,3,1,3.25,3.1111,1.7778,5.25,NA,NA
133,"Pasteur",8,2,14,4,172,6.4286,7,7.6,4.25,3.3636,4,6.5,6.2,3.5714,3.7391,5.9286,7.6,6.5,6.5455,3.8571,8.1429,3.5,4,5,3,4.75,4.8889,3.7778,7.25,NA,NA
134,"Pasteur",8,2,15,8,188,4.5714,5.25,6.4,4.125,2.2727,2.3333,3.75,4.6,1.5714,3.6522,5.1429,5.35,4.7778,6.7273,4.8571,6.1429,5.75,4.25,2.5,3.5,1.75,2.8889,0.6667,4.75,NA,NA
135,"Pasteur",8,1,14,5,173,5.2857,6.75,5.2,4.125,2.6364,3.3333,5,4.8,2.8571,5,5.0714,6.9,6.3889,5.6364,3.8571,7.7143,3,3.5,2.75,3.6667,3.75,3.3333,3.2222,6.75,NA,NA
136,"Pasteur",8,2,15,4,184,4.5714,8.75,6,3.125,3.4545,4.3333,4,5.8,1.1429,4,6.0714,6.95,5.6667,5.9091,3.5714,5.4286,2.25,2.5,4.75,2,3.5,3.3333,1.5556,4.5,NA,NA
137,"Pasteur",8,2,13,11,167,3.7143,7,6.8,1,3.4545,4.3333,5.5,5,3,5.1304,4.7143,5.65,4.9167,4.3636,1.5714,5.2857,2.75,2,3,2.1667,3.5,2.7778,2.2222,5,NA,NA
138,"Pasteur",8,2,13,11,167,4.1429,7,6,1.125,3.9091,3.3333,5,3.8,2.2857,4.913,6.0714,5.25,4.9722,6.0909,3,5.1429,3.5,1.5,1.5,1.2778,4,3.5556,2,6.25,NA,NA
139,"Pasteur",8,2,13,4,160,5.1429,7.5,6.8,3.25,3.7273,3,6,6.4,2.4286,3.3043,5.4286,5.1,5.7778,7.0909,5.7143,7.2857,4.5,3.5,2.5,1.6667,3.75,3.7778,2.4444,6.5,NA,NA
140,"Pasteur",8,1,14,1,169,4.2857,4.5,4,1.625,3.6364,2,2.75,4.4,0.5714,4.5217,6.2143,6.25,6.3056,6.0909,4.1429,7.4286,2.25,3,2.5,1.0556,3.75,1.4444,2.2222,5.5,NA,NA
142,"Pasteur",8,1,13,11,167,3.5714,8,6.4,4.375,4.0909,4.3333,6.25,6.6,3.1429,4.5652,5.9286,7.8,7,5.2727,2.7143,6.8571,0.5,0.25,4.75,1,5,5.5556,4,6.5,NA,NA
143,"Pasteur",8,2,14,1,169,4.8571,5.5,6,3.5,3.8182,4,4.25,4.4,2.2857,7.2609,6.1429,6.35,7.1944,6,3.1429,7.2857,4,3.5,4.5,1.6667,4.5,2.5556,1.2222,6.25,NA,NA
144,"Pasteur",8,2,15,3,183,4.2857,6.25,6,1.75,1.7273,1.3333,2,3.4,0.5714,4.913,3.5,6,4.8056,5,3.5714,5.1429,1.25,1.5,1.75,0.1667,0.75,2.2222,1,5.5,NA,NA
145,"Pasteur",8,2,13,6,162,3,5.25,5.2,2.25,2.8182,2,3.75,4.8,1.8571,4.6957,6.0714,5.25,3.7222,5.6364,3.4286,7,2.75,4.25,4,-0.6667,3.25,2.8889,0.5556,6.75,NA,NA
146,"Pasteur",8,1,14,7,175,6.2857,8,5.2,2.625,4,2.6667,5,6.2,2.4286,3.4348,5.6429,6,6.1667,5.2727,4.8571,6,2.25,3,2.75,0.9444,3.25,4.2222,2.4444,6.75,NA,NA
147,"Pasteur",8,1,13,4,160,5.2857,7.5,8,3.625,5.2727,4,6.25,5.6,2.5714,4.3913,6.8571,5.85,6.1111,3.4545,2.8571,6.1429,0.25,0.75,1.75,1.1111,4,2.8889,2.6667,5.25,NA,NA
148,"Pasteur",8,1,13,10,166,4.1429,5.25,5.2,4.5,4.0909,4.3333,5.75,4,2.8571,3.3478,4.7143,5.1,5.4444,5.7273,4.2857,5.7143,1.75,1.5,3,2.4444,3.25,4.3333,1.7778,5.25,NA,NA
149,"Pasteur",8,1,13,2,158,4.8571,6.25,6.4,2.75,4.6364,3.3333,5.25,4.6,2.1429,4.4348,4,5.15,4.5556,7.3636,5.1429,6.4286,1.75,1.5,3.75,2.3889,4.75,2.4444,1.7778,6.5,NA,NA
150,"Pasteur",8,2,14,2,170,4.7143,6.75,6.8,4.5,4.0909,2.3333,4.5,6.6,2.5714,6.2609,6.6429,6.55,6.8889,7.3636,3.5714,7.7143,4.25,1.25,4.5,2.3333,4.5,3.5556,3.5556,7.75,NA,NA
151,"Pasteur",8,2,14,7,175,4.4286,5,5.6,2.5,5.0909,3.3333,5.75,5.2,3,6.4348,8.1429,8.3,7.0833,7.7273,5.8571,8,6.5,4.75,5,1.5,4.25,3.7778,3.5556,7.5,NA,NA
152,"Pasteur",8,2,14,0,168,2.7143,3.75,4.4,1.5,3.7273,3.3333,5.75,6.4,2.2857,6.0435,5.7857,5.25,6.2222,5.5455,3.4286,8,2.5,1,4,0.7222,5.75,3.3333,2.2222,7.75,NA,NA
153,"Pasteur",8,2,14,9,177,4.2857,7.5,6.4,4.5,1.0909,2,1.5,4,0.4286,3.3043,4.0714,5.25,5.7222,7,5,7,2.75,2.5,4.5,1.3889,3.25,1.7778,1,5.5,NA,NA
154,"Pasteur",8,1,15,0,180,6.1429,9,6.8,3.875,3.6364,3.6667,5.25,6.6,4.7143,3.8261,5.6429,7.1,5.7778,4.7273,3.2857,8,2.25,1.25,3.25,1.8889,5,4.1111,2,7.75,NA,NA
155,"Pasteur",8,2,12,9,153,6.2857,6.75,8.8,4,6,6,6.5,7.4,6.1429,5.3478,6.2143,5.75,6.6111,6.9091,1.4286,6.5714,4,5,4.5,2.8333,5.5,5.4444,4.3333,8.25,NA,NA
156,"Pasteur",8,2,15,8,188,1.7143,5.5,5.6,0.625,2.8182,2.6667,5,3.2,0.8571,2.3913,4.5714,5.6,5.9722,5.4545,2.8571,4,3.25,2.5,3.5,0.6667,2.75,2.5556,1,4.5,NA,NA
157,"Pasteur",8,2,13,6,162,3.2857,5.5,4.8,1.875,4,3.6667,5,5.2,3,5.6087,6.7143,4.9,3.8611,6.3636,5.1429,6,3.5,3,4.5,1.3333,4.75,1.4444,2,6.75,NA,NA
158,"Pasteur",8,2,13,8,164,3.5714,6,5.2,1.25,4,4,5,6.2,2.5714,6.9565,7.7143,6.25,6.3056,7.0909,3.2857,6.4286,4.5,3.5,5,0.5,3.25,1.6667,1.2222,6.5,NA,NA
159,"Pasteur",8,2,15,8,188,4,5.75,6,1.625,2.3636,0.6667,2.5,4.2,1.4286,4.5217,4.3571,5,4.75,6,4.8571,5.8571,2.5,2.5,3.5,0.1667,3,2,1.6667,5.25,NA,NA
160,"Pasteur",8,1,14,4,172,5,4.75,7.2,2.625,5,5.6667,5.5,6.6,4.1429,3.5652,5,6.3,5.4722,6.1818,2.7143,6.2857,1.5,3.75,4.25,2.3333,5.5,2.7778,3.3333,5.5,NA,NA
162,"Pasteur",8,1,15,1,181,5.7143,5.5,6,4.375,2.6364,2.6667,3.75,5.2,1,5.1304,5.4286,4.75,5.2222,5.1818,2.2857,4.4286,0.25,0.75,2.5,0,2.5,2.1111,0.5556,5.75,NA,NA
163,"Pasteur",8,1,13,11,167,5.8571,7.25,6,4.25,5.4545,5,5.75,5.2,4.8571,5.6522,6.3571,7.55,6.1667,6.7273,5.5714,7.5714,3,3.25,4,1.9444,5.75,3.1111,3.7778,7.75,NA,NA
164,"Pasteur",8,1,15,5,185,4.5714,4.75,6,2.625,4.7273,3,5.5,5.6,2.1429,5.7826,4.8571,7.9,6.9444,4.0909,2.8571,7.2857,1,1.5,2.75,1.8333,4,4,1,5.25,NA,NA
165,"Pasteur",8,1,14,1,169,4.1429,5,7.6,2.375,4.1818,3,4.25,5.6,2.4286,5.3913,5.7857,7.5,5.4167,3.2727,4.1429,5,2.25,4.25,3.25,1.3333,4.75,3.2222,2.8889,6.25,NA,NA
166,"Pasteur",8,2,15,1,181,4.4286,6,5.6,2.375,3.0909,1.3333,2.25,5.2,1.1429,5.3913,5.7143,6.15,5.1944,5.9091,2.8571,7.8571,1.25,0.75,2.75,2.7222,4,2.8889,0.5556,6.75,NA,NA
167,"Pasteur",8,2,15,7,187,5.4286,6.75,6.4,1.125,1.9091,3,2.5,5.4,1.4286,4.6957,4.9286,5.6,4.1389,7.1818,5.1429,7.1429,2.75,2.25,4,2.1667,4.5,1.7778,1,5.5,NA,NA
168,"Pasteur",8,2,15,6,186,4.1429,5.75,4.8,1.25,3.4545,3,4.75,5.8,2.1429,3.6087,5.6429,6.15,4.6944,6.4545,2.4286,6.4286,1.25,2.25,3,-0.3333,2.5,2.6667,1.1111,6.5,NA,NA
201,"Grant-White",7,1,13,0,156,3.2857,4.75,5.2,0.5,4.1818,3.3333,4.25,4.4,1.4286,3,4.6429,4.1,4.3333,5.7273,4,5.7143,2,0.5,2.5,1.1667,3,1.8889,1.2222,4.25,4.3333,3.125
202,"Grant-White",7,2,11,10,142,4.7143,5.5,4.8,2.125,3.9091,2.6667,4.25,6,1.4286,2.8261,4.2857,4.9,5.4167,5.8182,2.5714,7.1429,2.25,3.75,4.25,1.8333,3,2.4444,3.4444,8,6.6667,4.625
203,"Grant-White",7,1,12,6,150,4.8571,6,5.6,2.75,3.2727,3.6667,4.75,5.4,2.7143,2.1739,3.5,4.3,6.3333,5.2727,3,6.4286,0.25,1.75,4,2.5,2.5,4.7778,2.3333,4.5,6.3333,5
204,"Grant-White",7,1,11,11,143,4.1429,5.75,4.8,1.125,3.4545,3,4.75,5,1.5714,4.9565,4.2143,5.15,4,1.8182,3,6.4286,2.5,3.75,3.5,1.3889,5.25,2.8889,2.1111,7,3.6667,5.5
205,"Grant-White",7,1,12,5,149,2.2857,6.25,4.4,1.25,4.6364,2.6667,6.25,5.6,3.4286,4.8696,3.8571,6.1,4.4444,6.7273,5,6.1429,2.25,2.25,3.75,1.5556,4,3.8889,2.3333,6.25,3.3333,3.5
206,"Grant-White",7,2,12,6,150,4.2857,6.25,4.8,2.5,3.8182,3.3333,5.75,5.6,2.5714,4.087,6,5.65,5.5833,7.0909,3.2857,8.5714,2.5,2.5,4,2,3.5,3,2,7.5,5.3333,5.25
208,"Grant-White",7,2,12,8,152,5.1429,8.25,7.6,4.5,6.2727,5.6667,6.25,8.4,5.8571,5.6087,6.8571,6.95,9.25,7.4545,4.5714,8.8571,4,4.75,5,2.9444,5.75,5,4.4444,8.5,6.6667,6
209,"Grant-White",7,2,11,11,143,4,6.25,4,1.125,3.1818,3.3333,4.5,5.8,1.5714,4.1739,5.9286,4.75,4.8333,5.2727,4.8571,8.1429,1.25,1.5,4,1.4444,4.25,1.4444,2.8889,6,3,3.5
210,"Grant-White",7,2,12,5,149,4.2857,6.25,6,1.375,2.9091,3.6667,5.25,7,1.1429,4.4783,4.7857,5.7,5.4722,5.2727,3,7.2857,1.5,1,1.75,2,3.25,2,2.8889,6.75,5.6667,4.75
211,"Grant-White",7,2,12,5,149,2.8571,6.25,5.2,0.75,3.5455,3,5.25,5.4,2.2857,3.8696,3.5,5.05,4.9444,6.4545,1.5714,5.8571,1.75,2.25,3.75,0.3889,1.5,2.6667,1.7778,6.5,4,3.125
212,"Grant-White",7,1,12,0,144,3.8571,6.5,5.2,0.75,2.4545,3.3333,4,5,1.8571,3.8261,2.5,5.35,3.8056,7,4.5714,8.4286,1.75,1.75,3.75,1.5,5,4,3,6,5.6667,4.625
213,"Grant-White",7,1,12,10,154,4.5714,5.25,6.4,1,2.4545,0.3333,1.75,5.8,1.5714,4.4783,4.4286,6.8,4.2778,5.7273,5.2857,7.1429,0.75,4.5,1,2.5,4.5,2.1111,2.6667,6.5,3.3333,5.375
214,"Grant-White",7,1,12,9,153,5.4286,7.75,7.2,1.5,2.6364,3.3333,2.75,6,2,3.6087,4.0714,5.4,5.5833,6.4545,3.8571,8.2857,2.25,2,4.25,2.2222,3,4.1111,2.5556,6.75,5.6667,5.875
215,"Grant-White",7,2,12,8,152,2.4286,5.25,2.8,0.75,3.1818,1.6667,2.5,2.2,1.4286,4.3043,4.6429,4.35,4.0833,5.0909,4.4286,4.8571,2.5,1.5,3.5,0,2.25,1.7778,0.6667,6.25,2.6667,2.875
216,"Grant-White",7,1,12,9,153,4.8571,7,8,3,5.0909,4.6667,5.5,5.8,3.7143,2.1304,2.4286,4.2,4.75,5.3636,4.7143,7,1,3.5,4.25,1.3333,3.5,2.3333,3.4444,6.25,7.6667,4.625
217,"Grant-White",7,1,13,1,157,3.5714,7.75,4.8,2.25,3.3636,2.3333,3,3.6,1.5714,2.8261,3.7857,4,3.4722,6.9091,4.8571,8.1429,2.25,2,4.5,2.3333,3.25,4.1111,2.2222,7,5.6667,3
218,"Grant-White",7,2,12,1,145,4.7143,7.75,4.8,3.75,4.3636,3.6667,5.75,5.8,2.5714,2.8696,3.8571,5.65,5.1667,5.8182,3.2857,7.8571,2.5,3,2.25,1.1667,2.75,4.2222,2.6667,7.5,6,5.75
219,"Grant-White",7,1,13,1,157,5.7143,5.75,6,2.5,5.9091,3.3333,5.75,4.6,5,3.1304,6.1429,5.2,6.1667,5.8182,3.5714,6.5714,1.75,2.75,4.5,1.6667,4.5,5.5556,2.2222,5,4,5.625
220,"Grant-White",7,2,12,7,151,4.2857,5.5,5.2,2.5,4.4545,2.6667,4.25,5.2,2.8571,4.1304,4.7143,5.5,4.4722,7.0909,3.8571,5.4286,1.25,2.75,4.25,1,3.5,3.4444,1.7778,8.25,6,3.5
221,"Grant-White",7,2,12,1,145,5.1429,7,7.6,2.75,5.3636,4.3333,6,6.6,5.1429,3.5652,5.6429,5.15,5.6944,7.5455,5,8.7143,4.25,3.5,5,1.7778,4,3.2222,3.1111,5.25,6.3333,5.5
222,"Grant-White",7,1,12,9,153,3.4286,4,6.4,1.75,5.0909,1.6667,4.25,5.4,1.5714,4.6087,3.5,4,3.2778,4.9091,3,5.1429,1.5,2.25,3.25,0.2778,3.25,3.1111,0.8889,5.25,4,3.5
223,"Grant-White",7,1,12,8,152,5.7143,6.5,6.8,3.25,5.0909,4.3333,6,7.8,3.5714,3.8261,4.9286,6.05,6.25,7.3636,4.5714,7,2.75,4,4.5,3,5,3.4444,2.5556,7.75,7.6667,5.375
224,"Grant-White",7,2,12,6,150,4.2857,6,6.4,2.375,4.5455,4.6667,6.5,5.6,3.4286,4.8696,4.9286,5.75,5.1389,6.7273,3.4286,4.4286,2.25,2,4.75,2.1667,4,4.2222,2.7778,8,5.3333,4.75
225,"Grant-White",7,1,14,0,156,6,6.75,6.8,3.375,2.2727,2.3333,3.25,3.4,0.5714,5.4783,8.2143,10,6.5556,8,4.4286,8.5714,5.25,4.75,5,2.6111,6,3.2222,3.3333,7.25,6.6667,5.125
226,"Grant-White",7,2,12,3,147,4.7143,6.75,5.2,2,2.6364,2.6667,4.25,5.8,1.8571,2.9565,4.5,5.8,6.0833,4.4545,3,6.8571,1.5,2,3.25,0.5,3.75,2.5556,0.6667,5.25,5,4.375
227,"Grant-White",7,2,12,4,148,4.5714,5.5,4.8,1.875,3.5455,3,5,5.2,2.4286,3.2174,5.6429,5.9,5.3056,6.3636,2.2857,5.2857,0.75,1.75,3.5,0,2,3.7778,0.8889,6.25,3.6667,3
228,"Grant-White",7,1,12,9,153,4.4286,5.25,5.2,0.625,5,4.3333,4.75,5.2,2.7143,4.1739,6.2143,6.05,5,4.7273,2.2857,6.2857,0.25,0.5,3.5,2.3333,2.5,2.7778,0.5556,7.25,5.3333,4.625
229,"Grant-White",7,2,14,7,175,3.8571,5.75,4.4,0.5,2.1818,3,2.75,4.8,1,2.3913,4.8571,5.9,4.9444,5.7273,4.1429,6.5714,0.75,2.75,3.5,0.3333,1.75,2,0.5556,4,4,4.125
230,"Grant-White",7,1,13,2,158,4.4286,5.75,5.2,1.375,4,1.3333,4,6,2.2857,3.5217,4.2857,6.4,5.25,5.0909,3.7143,6.1429,0.25,2,4.5,1.2222,3,0.7778,2.3333,6.25,6,5
231,"Grant-White",7,1,12,5,149,4.4286,8.5,5.2,0.375,4.4545,3,4.75,5.2,2.4286,2.2174,6.2857,4.6,5.0556,6.2727,4,6.2857,0.5,1.75,4.75,1.1667,4.25,2.3333,2.3333,6.5,5.6667,2.75
232,"Grant-White",7,2,12,0,144,2.4286,7.5,5.6,1.625,4.1818,3,4.25,4.6,1.8571,2.2609,3.7857,4.7,3.9722,5,2,5.4286,0.5,2.5,4.25,2.1667,1.75,3,0.6667,7,6,4.125
233,"Grant-White",7,1,12,0,144,4.2857,5,5.6,1.625,4.6364,3,5,6,3,4.6957,4.8571,5.65,5,6.4545,3.8571,7.8571,2.25,2,4.75,3.7778,3.75,4.7778,4.1111,6.75,5.3333,4.375
234,"Grant-White",7,1,12,6,150,4,4.75,6,1,3,3,3.5,5.4,2.8571,3.5217,4.8571,5.8,4.4167,6.4545,4,6,2,1.5,3.75,0.6667,2.25,3,1.4444,7.25,5,3.875
235,"Grant-White",7,1,13,2,158,2.7143,5.5,5.6,1,1.6364,1.6667,3,4.2,0.5714,2.1739,3.7857,3.6,4.5,6.1818,3.7143,6.2857,0.75,1,3,0.1111,1.5,1.7778,1,4.25,5.6667,2.75
236,"Grant-White",7,1,12,0,144,4,5,4.8,1.75,2.8182,2.6667,3.75,6,1.1429,4.3478,4.7143,7.2,5.6944,4.1818,1.5714,6.4286,1.5,3,4,0.6667,2,3,2,7.25,6,4
237,"Grant-White",7,2,12,10,154,5.4286,6.25,5.2,1.625,3.7273,3,5.75,6.2,2.1429,2.4348,4.7857,6.5,5.5,6.1818,4.7143,5.7143,2,2.25,4.25,2,2,3.8889,1.6667,4.5,6,5
238,"Grant-White",7,2,11,11,143,4.8571,7,5.6,1.25,4.3636,3,5.5,5.6,2.8571,3.5217,5.4286,4.8,5.5278,5.5455,3.5714,6.4286,0.5,2.25,4.25,1.8889,3.25,3.1111,2.2222,6,5,3.5
239,"Grant-White",7,2,13,8,164,2.5714,5.5,3.6,0.625,1.8182,0.6667,1,2,0.2857,1.3043,1.3571,3.05,3.1111,4.1818,3.1429,4.8571,0.75,1.25,1.5,0.1111,0.5,2,1.1111,2.75,4,2.875
240,"Grant-White",7,2,12,7,151,2.2857,5,4.8,1,3.8182,2,4.5,7,1.8571,4.0435,5.2143,5.55,5.1389,5.1818,2.5714,4.5714,0.75,1.25,4.5,0.8333,5,3.1111,0.4444,7.5,5.3333,4.125
241,"Grant-White",7,2,12,4,148,2.5714,7.5,5.2,2.125,4.7273,6.3333,6,7.2,4.7143,4,5.9286,5.4,4.1111,5.9091,5.4286,6.7143,2.25,0.75,3.5,1.6667,5.25,3.7778,3.6667,8,5.6667,5.125
242,"Grant-White",7,2,12,6,150,4.5714,5.25,6.4,1.125,5.7273,5,5,6.4,3.5714,4.1304,5.5,4.6,4.9444,6.1818,3.8571,7,3,2.5,3.5,1.1667,3,3.4444,3.1111,6.5,6.3333,5.125
243,"Grant-White",7,1,12,6,150,4.8571,5.25,6,1.125,4.2727,3,5.75,4.8,3.4286,2.5217,2.2143,4.55,4.8056,4.4545,1.8571,6.4286,0.25,0.75,3.75,1.1667,2.75,4.7778,1.3333,6.25,5.6667,6
244,"Grant-White",7,1,12,1,145,3,5.5,6,1,2.6364,3,3,4.8,1.1429,2.8261,4.7857,4.2,3.8056,6.9091,2.4286,7,0,1,3.5,1,3,2.6667,1.4444,5.25,4.3333,5.375
245,"Grant-White",7,2,12,9,153,4,5,5.6,1.75,3.3636,2.6667,4.5,5.8,1.4286,2.6522,4.2143,5,5.9444,7.1818,3.4286,6.2857,1,1,3.25,0.1667,2.75,2.8889,2.5556,5.5,5.3333,5
246,"Grant-White",7,2,12,3,147,5.5714,6,5.6,3.125,3.7273,4.6667,4.25,4.8,1.5714,3.5652,5,5.2,6.7778,6.2727,4.1429,6.7143,2,1,5,1,4.25,3.1111,2.4444,6.75,5.3333,4.875
247,"Grant-White",7,2,12,4,148,4.5714,6.5,5.6,1.25,4.2727,3.6667,5.75,5.4,3.2857,2.6957,2.7857,4.15,3.9722,5.7273,3.8571,6.8571,1.75,1.75,5,3,3.75,3,2.4444,5.75,4.6667,4.375
248,"Grant-White",7,2,12,10,154,4,6,4,1,1.8182,2,2.5,3,1.4286,2.6522,4.6429,3.85,4.4167,5.9091,1.4286,6.7143,1.75,2.5,2.5,2.3333,4.25,2,0.1111,6.5,4,4.75
249,"Grant-White",7,1,12,5,149,3.4286,5,6.4,2.75,4,3.6667,4.75,6.4,2.5714,3.087,4.2857,4.7,4.2778,6.9091,5.2857,7,1.75,1.75,2.75,2.1111,3.75,2.6667,3.4444,6.5,6,5.375
250,"Grant-White",7,2,11,11,143,4.4286,4.75,5.6,1.625,2.5455,2.6667,5.5,5.2,2.4286,2.6522,3.5,3.5,3.3333,6.9091,3,8,0.75,1.75,3.75,2.6667,3.25,3.1111,2,6.5,5,4.25
251,"Grant-White",7,2,12,8,152,4.1429,6.5,5.2,3.125,4.8182,3.3333,5.5,6.4,2.5714,3.6957,5.1429,6.4,5.6111,6.8182,3.4286,7.8571,1,2,2.25,1.8333,4,2.7778,1.6667,5.5,5.3333,4.75
252,"Grant-White",7,1,11,11,143,4.1429,7.5,5.2,1.875,3,2.3333,4,4.2,1.7143,2.7826,3.2857,3.7,4.5833,6.3636,3.5714,6.4286,0.25,1,2.75,-0.0556,2.25,1.1111,1,6.25,3.6667,5.625
253,"Grant-White",7,1,14,1,169,2.2857,5.75,4,0.625,3.8182,2.3333,5,5.4,1.8571,4.1304,4,6.4,3.8056,5.6364,4.2857,4.7143,0.25,2.5,1.25,2,1.5,1.6667,0.6667,5.25,1.6667,1.625
254,"Grant-White",7,2,12,4,148,3.5714,6.25,6,3.25,2.9091,1.6667,1.75,4.8,0.7143,2,5.5,3.6,3.3611,6,4.5714,7.4286,2,2,4.25,1.6667,3.5,2.6667,0.4444,3.5,6,2.5
256,"Grant-White",7,1,13,2,158,3.5714,6.75,4.4,1.875,4.5455,2,4,6.8,1.8571,3.7391,4.8571,4.95,5.9444,4.5455,2.8571,5.8571,1,1.5,2.5,1.8333,3.5,3.1111,2.1111,5.25,4.3333,4.875
257,"Grant-White",7,2,12,3,147,5.2857,7.75,6,2,4.9091,4.6667,7,6.2,2.8571,3.8261,5.6429,5.7,6.1944,5.7273,3.5714,7.1429,1.25,1.5,4,2,3,2.5556,2.1111,6.75,5.6667,5
258,"Grant-White",7,2,12,11,155,4.2857,6.5,5.2,2.375,3.2727,2.3333,5.25,5.4,2,3.8696,3.9286,6.05,6.1667,4.9091,5,6.7143,1,2.25,4,2.6111,4.5,1.7778,2.6667,8,5.3333,4
259,"Grant-White",7,1,11,5,137,4.1429,6,6.4,1.25,4.0909,3,5.25,5.6,2.4286,4.3478,4.9286,6.05,5.7222,6.4545,3.1429,7.1429,2.25,1.75,2,3.3333,4.25,3.1111,3,6.75,5.3333,4.5
260,"Grant-White",7,2,12,4,148,5.2857,8.5,4.4,2.125,5.0909,6,6,6.2,3.8571,3.4783,5,5.6,6.3611,5.0909,4,6.4286,2.5,3.25,3,2.2222,3.75,4.2222,3.3333,7.25,4.6667,5.875
261,"Grant-White",7,2,12,0,144,4,5,5.6,0.5,2.7273,2.6667,4.5,5,0.8571,3.1739,5.2857,4.2,4.4722,7.1818,3.7143,7.1429,2.5,1.25,3.75,1.9444,4,1.6667,0.8889,6,5,4.625
262,"Grant-White",7,1,13,11,167,3.1429,8.5,5.6,2.375,3.6364,3.3333,4.25,4.8,2.1429,3.4783,4,5.05,5.1389,4.6364,3.2857,6.2857,0.25,1,4,1.5,3.75,2.1111,1.2222,6.25,6.3333,4.375
263,"Grant-White",7,2,12,4,148,5.4286,5.25,5.6,2.25,5.0909,6,6.5,7.4,4.4286,5.2174,4.9286,5.45,5.6944,6.2727,3,6.7143,1.25,1.75,2.75,4.8333,3.75,3.8889,2,7.25,4,5.75
264,"Grant-White",7,1,12,9,153,4.1429,5.25,6.4,2.25,2.0909,2.3333,4,4.4,1,2.913,4.5714,4.4,5,4.3636,4.5714,5.8571,1.5,2,4.25,0.5,3.25,4,3,5,6,5.375
265,"Grant-White",7,1,12,10,154,3.5714,6.25,7.2,3.75,4.3636,3,4,7.2,2.2857,4.6087,4.7857,6.35,4.8611,6.0909,3.5714,6.5714,1,3.5,5,1.5556,4.25,2.6667,2.2222,7.5,5.6667,4.125
266,"Grant-White",7,2,13,7,163,4,6.75,4.8,1.625,1.4545,1.6667,1.5,2.4,0.5714,4.3913,4.6429,5.3,4.7778,6.0909,4.4286,5.8571,2.5,2,2.25,0.3333,1.75,1.3333,0.2222,4.75,5.3333,4
267,"Grant-White",7,1,13,2,158,3.2857,5,6.4,2.25,2.6364,2,3,5,0.8571,1.8696,4,5,4.0278,3.7273,1.4286,5.5714,2.5,0.75,2,0.5,1,1.2222,0.5556,3.25,4.3333,3.625
268,"Grant-White",7,2,14,0,168,1.5714,5,6,1.125,3.5455,4.3333,4,4.4,2.1429,3.1739,5.7857,3.65,3.6111,6.9091,4.1429,6.7143,0.75,1.75,3.5,0.1667,1.75,1.5556,0.5556,4,3.6667,3.5
269,"Grant-White",7,2,12,11,155,6.4286,9.25,6.4,3.625,2.9091,3.3333,4,6,2.2857,3.1739,4.9286,5.05,6.1111,6.1818,3,8.1429,1,3.25,4.75,3.8889,3.75,3.4444,3.8889,6.25,7.3333,4.625
270,"Grant-White",7,2,13,0,156,2.7143,3.75,4.8,0.875,3.9091,5,4.75,5.2,2.7143,4.3913,5.4286,5.6,3.2222,6.7273,3,5.1429,2,2,4.25,1.8333,3.5,2.3333,2,7,4.6667,2.375
271,"Grant-White",7,2,12,8,152,5.8571,5.25,4,1.375,3.7273,3,4,5.6,2,5.3913,6.7857,5.95,6.1111,6.8182,2.8571,6.7143,2.25,2.75,4.75,0.5,3.5,4.2222,2.6667,7.75,5,4.5
272,"Grant-White",7,1,12,3,147,5,7.5,6.4,4.125,4.4545,2.6667,3.75,5.8,1.7143,3.913,4.5714,6.3,6.7222,5.8182,4.1429,5.2857,1.5,3.5,3.5,3.7778,4.5,3,3.6667,5.25,5.6667,5.25
273,"Grant-White",7,2,12,0,144,4.8571,6,8.4,2,4.1818,3,3.5,4.8,1.4286,3.8696,7,5.8,6.5556,5.5455,4.7143,7,1.75,2.5,3.25,-0.6667,5,2.8889,1.2222,7.75,4.3333,5.125
274,"Grant-White",7,1,13,2,158,2.7143,5.5,6,1.5,3.5455,3.3333,4,5.2,2.4286,5.1304,8.0714,5.8,7,6.1818,3.2857,5.2857,2.5,2.75,4.25,0.6667,3.75,2.3333,1.2222,5.75,4,2.375
275,"Grant-White",7,1,12,7,151,3.5714,5.25,5.2,1.875,3.6364,2.6667,4.25,5,2.4286,2.9565,3,4.1,4.7222,3.1818,2.1429,5.5714,0.75,4.25,4,0.7222,1.75,1.7778,0.5556,5.25,5.6667,5
276,"Grant-White",7,1,11,4,136,5.1429,7,7.6,4.125,5.5455,5,6,7.2,5.5714,3.5217,5,5.2,5.8333,6.1818,4.7143,5.8571,2.75,1.25,4.75,3.1667,5,4.7778,3.5556,7.25,6.3333,6
277,"Grant-White",7,2,14,0,156,2.7143,5.75,4,0.75,2.8182,2.3333,3.25,3.8,2.7143,2.9565,4,4.85,4.1389,5.8182,4.4286,5.7143,0.25,0.25,2.25,-0.1667,1.75,2.3333,0.1111,5,3.6667,3.125
278,"Grant-White",7,2,12,9,153,3.8571,5.25,4.8,0.875,3.0909,3,4.75,5.4,3.1429,3.8261,4.4286,5.45,5.3056,5.5455,4.7143,5.7143,1,0.5,3.75,1.8333,2,3.3333,2.5556,5,4.6667,3
279,"Grant-White",7,2,12,5,149,3,2.25,5.2,1.75,3,5,6.25,6.4,4.2857,2.9565,4.5714,4.55,5.0278,6.1818,4.5714,6.2857,3,1.25,4.25,2.3889,3,3.4444,2.1111,6.75,4.6667,5.75
280,"Grant-White",7,1,12,9,153,3.8571,5.5,4.4,4,3.1818,2.6667,3.25,5.2,1.8571,2.4348,4,3.75,4.9167,5.5455,2.5714,7.2857,0.75,2.75,4.5,-0.6667,3.5,3.1111,2.1111,5.25,5.3333,5.25
281,"Grant-White",7,2,12,7,151,3.7143,5.5,4.8,1,3.9091,1.6667,2.75,5.6,1.5714,3.3043,3.6429,5.7,4.3333,5.5455,2.7143,6.1429,1.25,1.75,4.5,1.8333,2.5,3,2.6667,5.5,5.6667,3.375
282,"Grant-White",8,1,14,2,170,2.8571,6.75,7.2,1.875,3.7273,3,4.75,5.6,1.5714,5.6522,6.2857,5.25,6.6944,7.7273,4.5714,8.4286,0.25,3.25,4,2.6667,3.75,3,1.8889,7.75,5.3333,5
283,"Grant-White",8,2,13,1,157,4.7143,5.5,5.6,1.75,4.5455,4.3333,6.25,5.8,3.7143,3.6522,4.2857,6.35,6.3889,5.6364,2.2857,6.7143,1,2.25,4.75,1.3333,3.75,2.8889,3.3333,7.5,5.6667,5.75
284,"Grant-White",8,2,12,11,155,5.4286,6.5,7.6,0.875,3.5455,5.3333,6.25,5.6,2.1429,4.7391,5.1429,5.55,5.5556,6.5455,4.1429,7.4286,2.75,3.75,5,2.5,4.5,0.8889,2.1111,8,6.3333,4.375
285,"Grant-White",8,2,13,2,158,4.7143,6.25,6.4,4.25,3.7273,5,5.75,6.2,3,4.7391,5.9286,7.15,6.8333,6.3636,3.2857,7.5714,4,5,5,1.5,5,3.6667,2.4444,8.25,4.6667,5.625
286,"Grant-White",8,1,13,6,162,5.1429,7.25,6.8,2,5,3,5.75,5.8,3.2857,6.4783,6.5714,7.8,6.8611,6.5455,3,7.1429,2.75,3.75,4.75,2.6667,5,3.2222,3.8889,7.75,5.3333,4.125
287,"Grant-White",8,1,13,9,165,5.4286,7.25,4.8,4.375,5,4.3333,5.5,5.4,2.4286,4.8696,5.5714,6.3,6.3056,6.1818,6.7143,7.5714,2.75,4,4,3.1667,5.75,5.3333,1.6667,7.5,4.6667,6
288,"Grant-White",8,2,13,2,158,4.4286,6.25,4,3.5,4.9091,3.3333,6.25,6.8,3.8571,4.4783,4.5714,4.9,4.6667,5,3.7143,6.8571,2.75,1.75,3.5,1.6667,4.75,3.1111,2.6667,6.25,4.6667,6
289,"Grant-White",8,2,13,1,157,5.1429,7,6.8,1.625,4.3636,3.6667,5.75,7.2,2.5714,5.8261,6.7857,5.1,6.2222,5.2727,4.1429,6.8571,3.25,4.75,5,1.3333,5.75,4.7778,2.4444,7.75,6,5.75
290,"Grant-White",8,1,13,8,164,4.4286,6.5,6.4,3.625,5.2727,3.6667,6.5,7.4,1.7143,3.6957,5.2857,4.95,5.25,8,5.8571,7.7143,1.75,3.75,4.25,2.3333,4.5,4.2222,2.6667,7.5,6.6667,4.75
291,"Grant-White",8,2,14,2,170,4,6,5.6,0.75,4,2.6667,4.25,6.6,2.1429,4,6.0714,4.75,5.9722,7,3.7143,7.4286,2.25,2.75,4.25,1.3889,4,3.4444,2.1111,8,5,3.875
292,"Grant-White",8,1,13,8,164,5.4286,9.25,6,3.5,5.5455,3.3333,4.75,6.6,2.7143,4.7826,6.0714,6.75,5.5278,5.0909,2.7143,5.5714,0,4.75,4,2.1667,4.75,4.4444,3.1111,7.5,6.6667,5.75
293,"Grant-White",8,1,13,6,162,4.1429,8.5,5.6,2.75,4.3636,3.3333,5,4.4,2.7143,3.6522,3.7857,6.6,4.0833,6.7273,5,5.4286,1.25,2.75,3.25,2.2778,3.5,3,2.6667,7,4.6667,4.375
294,"Grant-White",8,1,13,7,163,5,6,6.4,1.875,5.4545,4,5,6,3.2857,4,6.4286,6.25,6.4444,7.8182,2.8571,7.1429,2.75,2.25,4.5,3,5.5,4.5556,2.2222,7.25,5.6667,4.125
295,"Grant-White",8,2,13,3,159,5,6.25,7.2,3.125,4.5455,3.6667,6,6.2,2.7143,5.7391,4.9286,5.9,5.1944,5.2727,3.1429,7.2857,0.5,2.75,4.5,0.8333,4.5,3,2.2222,5.5,5.3333,5
296,"Grant-White",8,2,12,10,154,3.2857,5.25,5.2,0.375,4.9091,3,5.25,4.8,1.7143,5.7826,4.6429,5.55,6.5278,6.5455,3.8571,6.5714,3,2.75,5,1.3333,4,2.2222,1.6667,7.25,4.3333,3.125
297,"Grant-White",8,2,13,5,161,4.4286,7,5.6,3.125,4.6364,4,5.75,6.4,2.1429,6.0435,6.5,5.5,5.5278,5.9091,4.4286,7.4286,2,3.5,4.5,1.6667,2.75,3.3333,0.6667,6.5,5,5.625
298,"Grant-White",8,1,14,6,174,7.2857,6.5,9.2,4.25,7.6364,6,6.5,8.6,5.4286,5.7826,7.8571,8.05,6.9167,7.7273,7,9,3.75,5,5,3.9444,6,5.5556,4.4444,8,6,6
299,"Grant-White",8,2,14,9,177,4.7143,7,5.6,2.25,5.4545,5,5.75,5.8,4.2857,4.1739,6.3571,6.1,5.8889,6.1818,3.2857,6.5714,1.75,1.5,4.25,1.1667,3.75,3.2222,3.4444,7.5,6,5
300,"Grant-White",8,2,15,11,191,3,6.5,5.2,2.125,5.8182,4,4,4.6,4.7143,5.1304,4.9286,5.6,3.6667,6.3636,3.2857,6.4286,2,3.25,3,1.8889,3,2.6667,2.5556,7,5,4.5
302,"Grant-White",8,2,13,9,165,5.2857,8,6.8,1.375,6.5455,5.3333,6.25,5.6,4.5714,3.4783,6,4.75,4.75,7,5.8571,8.8571,3.5,4.5,4.25,4.3333,4,5.5556,3,8.25,5,5.625
303,"Grant-White",8,1,13,1,157,5.2857,5,6,2.625,3.2727,2.6667,4.75,6.6,2.7143,3.3913,3.2143,5.05,4.9722,5.8182,3.2857,8.1429,1.25,3.25,4.25,2.2222,5.25,2.6667,0.8889,6,4.6667,5.75
304,"Grant-White",8,1,13,9,165,5.2857,6.5,8,3.625,3.9091,2.3333,4.75,4.6,2.7143,4.4348,5.5,5.65,5.8333,6.1818,3,6.8571,1.25,3,2.75,1.5556,5.75,3,2.5556,7,2.6667,3.625
305,"Grant-White",8,1,13,7,163,5.5714,6.5,6,3,7.0909,5.6667,6.5,7,4.2857,5,7.2143,6.8,7.3889,7.2727,5.4286,9,1.5,1,2,3,2.75,3.8889,3.2222,8,6,4.375
306,"Grant-White",8,2,13,0,156,5.5714,8.5,6.8,4.125,4.0909,3.3333,4.75,5.2,2.2857,4.1304,5.3571,5.95,6.6667,5.6364,4.4286,7.8571,1.75,4,4,1.6667,5.5,3.8889,3.6667,7,6,4.625
307,"Grant-White",8,2,13,8,164,2.5714,4,2.4,0.5,5,3.3333,5.25,5.8,2.7143,2.9565,3,4,3.4722,7.6364,3.5714,6.7143,3.75,3,3.5,0.8333,0.75,2,0.5556,6.25,3.3333,1.875
308,"Grant-White",8,2,12,9,153,4,7,5.6,2.25,4.5455,3.3333,6.25,7.4,3.2857,3.7826,4.2857,4.65,4.7222,6.0909,3.5714,6.8571,4.75,3.25,4.75,1.5556,3.75,2.5556,1.4444,6,6.6667,5.625
309,"Grant-White",8,1,14,10,178,4.1429,5.75,6.4,1.125,3.4545,2,6,5.4,1.2857,4.3478,4.5,9.1,6.3056,5.3636,3.5714,5.8571,1.5,2.5,3.5,1.8333,4.75,4.2222,2.7778,6.75,5.6667,3.75
310,"Grant-White",8,2,13,5,161,3.5714,5,5.6,1.375,4.6364,4,4.75,6.6,2.4286,4.8261,4.7143,6.25,5.7222,7.6364,5.7143,6.5714,2.75,4.25,4.75,1.8333,5,3.8889,1.5556,7.25,5.6667,4.875
311,"Grant-White",8,1,13,4,160,4.1429,8.25,6.4,1.375,5.1818,4.3333,5.75,6.2,3.7143,3.3913,4.3571,5.15,5.5,5.7273,2.2857,7.2857,1.75,2.25,3.25,3.4444,3.25,3.7778,2.1111,6.5,7,5.25
312,"Grant-White",8,2,13,6,162,4.5714,5.25,6.4,1.875,5,4.6667,5,5.6,4.1429,5.087,5.1429,5.4,6.5833,5.5455,4.1429,7.4286,1.5,3.25,4.5,2.5,3.25,2,2.6667,7.75,5,5
313,"Grant-White",8,1,13,6,162,4.2857,5.25,5.6,2.625,4.6364,4,6,6.6,3.8571,4.1739,4.9286,5.65,5.7222,6.6364,4.7143,7.2857,3.75,2.75,5,4.6667,3.5,5.5556,3,8.75,6.6667,4.375
314,"Grant-White",8,2,13,5,161,5,7,5.6,2.375,5.3636,6,6.75,6.8,4.7143,6.3043,6.4286,5.85,6.2778,6.9091,4.8571,6.2857,2.25,2,5,3.8889,5.75,4.8889,4.3333,8.25,5,5.5
315,"Grant-White",8,1,12,1,145,2.2857,8.5,5.2,4,5.4545,4.6667,5.5,5.8,3.4286,4.3043,4.1429,5.4,5.9722,7.0909,2.2857,6.4286,1.25,2.75,2.5,2.6667,5.25,3,1.8889,8,5.3333,4.625
316,"Grant-White",8,2,13,5,161,5.4286,7.5,7.6,4.125,6,4.6667,5.5,7.2,4.1429,4.2174,6.5,6,7,7.4545,4.7143,6.5714,1.75,2.75,4.25,0.8333,4.75,4.7778,4,7.5,5.6667,4.125
317,"Grant-White",8,2,13,2,158,3.7143,6.25,4.8,0.875,3.7273,3.3333,3.75,5,1.8571,5,5.5714,6.45,5.0833,4.3636,4.5714,8.1429,2.25,3.25,5,0.8333,4.25,2,1.1111,6.5,4.3333,3.125
318,"Grant-White",8,2,13,7,163,4.7143,7,4,1.5,3.3636,4.6667,5.25,6.6,2,4.6087,6.2857,5.3,5.1944,5.7273,5.2857,7.5714,2,3,5,1.1667,4,3.8889,1.6667,6.75,3.3333,4.625
320,"Grant-White",8,1,15,3,183,4,6.75,8,4,4.3636,3.3333,4.75,6,2.4286,3,3.5,6.5,5.5,6.2727,4.5714,7,0.75,1.25,3.5,2.3333,3,2.4444,3.3333,4.75,4,5.75
321,"Grant-White",8,2,13,3,159,3.8571,5.5,5.2,2,4.1818,2.6667,4.75,6.6,2.1429,5.8696,5.3571,7.1,6.25,6,3.7143,6.7143,2.25,1,2.75,1.8333,4,2.1111,2.5556,6.5,5.6667,5.75
322,"Grant-White",8,2,14,4,172,3.7143,7.25,6.8,1.25,4.8182,2.6667,4.75,5.8,1.8571,3.6957,6.5,5.45,6.1111,6.4545,3.2857,7.5714,1.75,3,3.5,2.5,3.75,2.8889,1.1111,6.25,6.3333,3.375
323,"Grant-White",8,1,14,7,175,4.2857,8,3.6,3.25,4,2.3333,3.75,6.8,1.4286,4.7391,4.3571,7,4.9444,6.7273,4.4286,6.7143,2,2,5,2.8333,4.5,3,2.2222,7.25,5,6
324,"Grant-White",8,1,13,3,159,3.1429,5.75,6.8,1,3.6364,1.3333,3.25,5,2.4286,4,3.8571,4.05,4.1667,5.8182,3.4286,6.5714,1.5,0.75,4.75,-1,3,0.8889,0.5556,6,3.6667,2.25
325,"Grant-White",8,1,13,8,164,4.5714,6,4.8,1,4.7273,3,4.75,5.8,2,3.3913,5.5,4.45,5.3056,7,3.2857,5.4286,1,1.5,3.5,1.3333,3,3.3333,2.3333,4.5,5.6667,5
326,"Grant-White",8,1,14,6,174,4.4286,5.75,4.8,1.625,3.3636,4,4.75,4.2,2.1429,3.5652,6,5.4,5.0556,6.3636,3.8571,7.4286,1,3,3.75,2.2222,3,3.1111,0.3333,6.75,5.6667,3.25
327,"Grant-White",8,1,14,9,177,4.5714,6.25,5.2,2.125,3.8182,1.6667,2.75,4.6,2.2857,4.6087,4.1429,7.15,5.5556,5.2727,3.4286,7.2857,1,2.5,4.25,0.3333,3.75,3.3333,1.4444,7.25,4.3333,5.625
328,"Grant-White",8,1,16,4,196,5.7143,5.25,6,1.875,3.5455,2.6667,4.5,4.8,1.8571,3.6522,4.7857,6.3,5.9722,6.3636,6.8571,6.2857,2.5,4.25,2.5,1.5556,3.5,2.4444,0.1111,6.5,5.3333,5.875
329,"Grant-White",8,1,12,11,155,3,5,6,1.375,3.2727,2.3333,4.75,5.6,1.1429,3.4783,4.9286,5.85,6.5278,6.3636,1.5714,6.4286,1.5,0.5,3.5,1.6667,5.25,2,1.6667,5.75,5.3333,5.875
330,"Grant-White",8,1,13,1,157,4.4286,6.25,6,3.25,5.2727,5,6,6.8,3.2857,2.3913,3.7143,4,4.2778,5.5455,3.1429,6.5714,1,1.5,3.5,2.7778,3.5,3.5556,1.6667,5.5,5.6667,5.125
331,"Grant-White",8,2,14,1,169,3.4286,6,5.6,2,4,2.6667,4.5,4.4,1.7143,3.3478,5.2857,4.7,3.75,5.9091,4,6.8571,2,2,4.5,0.8889,3.75,3.8889,0.6667,7.25,3.6667,5.75
333,"Grant-White",8,1,14,3,171,5.8571,6.25,8,1.875,3.8182,4,5.25,6.4,2.7143,2.7826,4.8571,4.7,5.25,6.0909,2.2857,7,0.5,1.25,2.75,0.1667,2.25,1,0.7778,5,6.3333,5.5
334,"Grant-White",8,2,14,9,177,4.2857,5.75,4.4,1.25,3.8182,2.6667,3.5,6,1.7143,4.2609,4.6429,6.6,6.6667,5,4.1429,5.8571,2.5,3,4.5,0.8889,2.25,1.8889,2.4444,6.25,6,3
335,"Grant-White",8,1,16,1,193,5,5,5.6,2,5,3.3333,4,5.2,1.4286,3.4783,5.5714,5.25,5.6944,5.5455,3.1429,6.5714,1.25,0.75,3.25,0.8333,4.25,2.7778,2.6667,6.75,5.3333,4.625
336,"Grant-White",8,1,13,5,161,4.8571,6.75,5.6,2.125,4.3636,4.3333,6.25,6.6,4.5714,3.3478,5.1429,5.95,5.4167,5.4545,3.7143,8.2857,2.75,1.75,4,3.3333,5.25,4.3333,3.7778,6,5.3333,4.625
337,"Grant-White",8,1,14,3,171,3.5714,5.5,5.2,1.625,3.9091,2.3333,4,5,1.5714,5.8696,4.3571,6.3,5.6667,4.4545,1.8571,5.8571,0,0.75,2.5,0.1667,4.5,1.1111,0.5556,5.25,4,3.125
338,"Grant-White",8,2,13,1,157,3.4286,6.25,7.2,0.75,3.8182,3,4.75,6.2,3.2857,5.2174,6.9286,6.55,5.7222,7.6364,5.1429,8.1429,6.5,4,4.75,1.3333,0.5,4.1111,2.1111,7,6,5.5
339,"Grant-White",8,1,14,4,172,5.1429,6.5,7.2,2.125,4.8182,3.3333,4.75,5.2,1.4286,2.4348,3.2857,5.75,5,5.8182,5.1429,6,2.5,1.75,3,1.6667,2.75,1.5556,1.3333,5,7.3333,4.75
340,"Grant-White",8,1,15,6,186,2.8571,4.75,7.6,0.875,3.3636,2.6667,5,5.6,0.8571,5.8261,3.2143,5.5,6.7778,7.1818,4.1429,5.4286,2.25,2.25,3.75,0.3889,3,1.4444,0.7778,6.5,5,5.125
341,"Grant-White",8,1,14,11,179,4,6,4.8,1.125,2.8182,1.3333,3,5.4,1.5714,4.1739,5.1429,5.75,4.8333,5.6364,3.1429,7,1.75,2,4.5,1.8333,5.25,5.1111,2.5556,7.25,5.6667,4.25
342,"Grant-White",8,2,12,11,155,4.8571,5.5,3.2,1.625,4,3.3333,4.25,5,2,5.4783,4.5,6,4.5,4.9091,2.7143,5.7143,2.25,1.25,3.5,0.1667,0.5,3.2222,2.5556,8.25,5,3.625
343,"Grant-White",8,1,14,3,171,4.8571,5.25,6.8,2.375,4.6364,3.3333,4.5,5.6,2,3.3913,4.4286,5.15,6.3333,5.7273,5.1429,6.8571,0.25,2,3.5,1.3333,3.5,4.3333,1.2222,4.75,6.3333,3.5
344,"Grant-White",8,2,13,0,156,5,7,5.2,1.25,4.0909,3,3.25,5.2,1.5714,4.1739,4.5,4.85,5.7778,7.1818,4.7143,8.4286,2.5,3.75,4.5,2.3889,5,4.3333,3,5,5.6667,4.5
345,"Grant-White",8,1,13,3,159,5.2857,6.5,6,3,4.4545,3,4.25,6.2,2.8571,3.0435,4.1429,4.25,5.6667,7.1818,4.1429,8,1.75,2.25,4.5,2.1667,3,2.7778,1.8889,6.25,5,5.25
346,"Grant-White",8,1,13,5,161,3.4286,7,7.2,1.375,4.4545,2.6667,4.25,5.4,1,5.087,4.1429,5.6,5.25,5.0909,1.7143,6.5714,0.25,1,2,0.5,3,3.5556,1.3333,5,5.3333,4.5
347,"Grant-White",8,2,14,10,178,2.5714,6,5.6,1.625,2.8182,2.3333,4,4.6,1,4.6087,3.8571,6.05,6.0833,4.7273,3.4286,6.8571,0.5,0.75,3.5,1.5556,3.75,1.8889,0.8889,5.25,4.6667,5.125
348,"Grant-White",8,2,14,3,171,4,5.5,6.4,1.875,5,3.6667,5.75,6.4,4.2857,4,8.4286,6,7.6111,5.5455,4.1429,7,1.75,4,4.25,1.6667,5,3.1111,2,7.5,5.3333,4
349,"Grant-White",8,1,14,2,170,3.7143,6.75,5.6,0.5,4.3636,3.6667,4.5,6.6,2,5.087,3.5,6.2,4.3889,6.4545,3.4286,6.5714,2.25,1,3.25,0.5556,3.75,1.1111,2.2222,6.75,6,1.75
351,"Grant-White",8,1,13,5,161,3.7143,6,6.4,3.375,4.6364,3.6667,5.75,7.8,3.1429,4.087,6.2143,6.95,5.1667,6.7273,3.8571,7.5714,6.25,4,3.5,3.8333,3.5,4.3333,3.4444,7.25,5.3333,5.625
